TP_FUNDO_CLASSE;CNPJ_FUNDO_CLASSE;DENOM_SOCIAL;DT_COMPTC;TP_APLIC;TP_ATIVO;EMISSOR_LIGADO;TP_NEGOC;QT_VENDA_NEGOC;VL_VENDA_NEGOC;QT_AQUIS_NEGOC;VL_AQUIS_NEGOC;QT_POS_FINAL;VL_MERC_POS_FINAL;VL_CUSTO_POS_FINAL;DT_CONFID_APLIC;CD_SWAP;DS_SWAP
CLASSES - FIF;12.082.452/0001-49;IP PARTICIPAÇÕES IPG FIC DE FIF EM AÇÕES - RESPONSABILIDADE LIMITADA;2025-02-28;DIFERENCIAL DE SWAP A RECEBER;SWAP;;;;;;;;3.18;;;SLP;IAP X PRE
CLASSES - FIF;14.239.657/0001-10;CAIXA MASTER CAPITAL PROTEGIDO IBOVESPA CICLICO I FIF MULTIMERCADO - RESPONSABILIDADE LIMITADA;2025-02-28;DIFERENCIAL DE SWAP A PAGAR;SWAP;;;;;;;;1839178.04;;;SDP;DI1 X PRE
CLASSES - FIF;16.916.060/0001-99;CAIXA INDEXA OURO FUNDO DE INVESTIMENTO FINANCEIRO MULTIMERCADO LONGO PRAZO - RESP LIMITADA;2025-02-28;DIFERENCIAL DE SWAP A PAGAR;SWAP;;;;;;;;575725.17;;;Outros;999 X 999
CLASSES - FIF;16.916.060/0001-99;CAIXA INDEXA OURO FUNDO DE INVESTIMENTO FINANCEIRO MULTIMERCADO LONGO PRAZO - RESP LIMITADA;2025-02-28;DIFERENCIAL DE SWAP A RECEBER;SWAP;;;;;;;;2753381.04;;;Outros;999 X 999
CLASSES - FIF;22.013.952/0001-82;SANTANDER PB AMÉRICA MULTIMERCADO CRÉDITO PRIVADO - FUNDO DE INVESTIMENTO FINANCEIRO;2025-02-28;DIFERENCIAL DE SWAP A PAGAR;SWAP;;;;;;;;1463671.63;;2025-05-29;SDP;DI1 X PRE
CLASSES - FIF;22.013.978/0001-20;SANTANDER PB TAORMINA MULTIMERCADO CRÉDITO PRIVADO - FUNDO DE INVESTIMENTO FINANCEIRO;2025-02-28;DIFERENCIAL DE SWAP A PAGAR;SWAP;;;;;;;;537149.92;;2025-05-29;SDP;DI1 X PRE
CLASSES - FIF;22.963.439/0001-52;TREND OURO FUNDO DE INVESTIMENTO FINANCEIRO MULTIMERCADO - RESPONSABILIDADE LIMITADA;2025-02-28;DIFERENCIAL DE SWAP A PAGAR;SWAP;;;;;;;;482211.04;;;Outros;999 X 999
CLASSES - FIF;22.963.439/0001-52;TREND OURO FUNDO DE INVESTIMENTO FINANCEIRO MULTIMERCADO - RESPONSABILIDADE LIMITADA;2025-02-28;DIFERENCIAL DE SWAP A RECEBER;SWAP;;;;;;;;1077518.42;;;Outros;999 X 999
CLASSES - FIF;26.507.065/0001-11;SANTANDER PB MOGADOURO MULTIMERCADO - FIF;2025-02-28;DIFERENCIAL DE SWAP A PAGAR;SWAP;;;;;;;;1000410.81;;2025-05-29;SDP;DI1 X PRE
CLASSES - FIF;28.194.713/0001-52;SANTANDER PB SERENGETI MULTIMERCADO - FIF;2025-02-28;DIFERENCIAL DE SWAP A PAGAR;SWAP;;;;;;;;649866.63;;2025-05-29;SDP;DI1 X PRE
CLASSES - FIF;34.687.399/0001-42;VINLAND ATIVO MASTER FIF RENDA FIXA LONGO PRAZO - RESP LIMITADA;2025-02-28;DIFERENCIAL DE SWAP A PAGAR;SWAP;;;;;;;;7620.14;;;SDP;DI1 X PRE
CLASSES - FIF;35.556.444/0001-92;WELLINGTON VENTURA ADVISORY CLASSE DE INVESTIMENTO EM AÇÕES IE - RESPONSABILIDADE LIMITADA;2025-02-28;DIFERENCIAL DE SWAP A PAGAR;SWAP;;;;;;;;3057582.37;;2025-05-29;SCP;DOL X PRE
CLASSES - FIF;35.556.444/0001-92;WELLINGTON VENTURA ADVISORY CLASSE DE INVESTIMENTO EM AÇÕES IE - RESPONSABILIDADE LIMITADA;2025-02-28;DIFERENCIAL DE SWAP A RECEBER;SWAP;;;;;;;;2467282.44;;2025-05-29;SCP;DOL X PRE
CLASSES - FIF;35.609.786/0001-23;TREND OURO DÓLAR FUNDO DE INVESTIMENTO FINANCEIRO MULTIMERCADO - RESPONSABILIDADE LIMITADA;2025-02-28;DIFERENCIAL DE SWAP A PAGAR;SWAP;;;;;;;;29190.88;;;Outros;999 X 999
CLASSES - FIF;35.717.740/0001-28;TREND BOLSA CHINESA FUNDO DE INVESTIMENTO FINANCEIRO EM AÇÕES - RESPONSABILIDADE LIMITADA;2025-02-28;DIFERENCIAL DE SWAP A PAGAR;SWAP;;;;;;;;36108.96;;;Outros;999 X 999
CLASSES - FIF;35.717.740/0001-28;TREND BOLSA CHINESA FUNDO DE INVESTIMENTO FINANCEIRO EM AÇÕES - RESPONSABILIDADE LIMITADA;2025-02-28;DIFERENCIAL DE SWAP A RECEBER;SWAP;;;;;;;;393479.09;;;Outros;999 X 999
CLASSES - FIF;35.803.219/0001-03;G5 MONACO CLASSE DE INVESTIMENTO MULTIMERCADO CRÉDITO PRIVADO;2025-02-28;DIFERENCIAL DE SWAP A PAGAR;SWAP;;;;;;;;1751204.57;;;SDP;DI1 X PRE
CLASSES - FIF;35.819.455/0001-18;MACADÂMIA FUNDO DE INVESTIMENTO MULTIMERCADO CRÉDITO PRIVADO;2025-02-28;DIFERENCIAL DE SWAP A RECEBER;SWAP;;;;;;;;27473870.19;;;SCP;DOL X PRE
CLASSES - FIF;36.532.178/0001-20;SANTANDER PB CHRONOS MULTIMERCADO CRÉDITO PRIVADO - FIF;2025-02-28;DIFERENCIAL DE SWAP A PAGAR;SWAP;;;;;;;;609639.18;;;SDP;DI1 X PRE
CLASSES - FIF;37.396.932/0001-05;TREND HIGH YIELD AMERICANO FUNDO DE INVESTIMENTO FINANCEIRO MULTIMERCADO - RESPONSABILIDADE LIMITADA;2025-02-28;DIFERENCIAL DE SWAP A PAGAR;SWAP;;;;;;;;21882.73;;;Outros;999 X 999
CLASSES - FIF;37.396.932/0001-05;TREND HIGH YIELD AMERICANO FUNDO DE INVESTIMENTO FINANCEIRO MULTIMERCADO - RESPONSABILIDADE LIMITADA;2025-02-28;DIFERENCIAL DE SWAP A RECEBER;SWAP;;;;;;;;10669.49;;;Outros;999 X 999
CLASSES - FIF;37.553.464/0001-35;TREND BOLSAS GLOBAIS FUNDO DE INVESTIMENTO FINANCEIRO MULTIMERCADO - RESPONSABILIDADE LIMITADA;2025-02-28;DIFERENCIAL DE SWAP A PAGAR;SWAP;;;;;;;;60240.17;;;Outros;999 X 999
CLASSES - FIF;37.553.464/0001-35;TREND BOLSAS GLOBAIS FUNDO DE INVESTIMENTO FINANCEIRO MULTIMERCADO - RESPONSABILIDADE LIMITADA;2025-02-28;DIFERENCIAL DE SWAP A RECEBER;SWAP;;;;;;;;3744.99;;;Outros;999 X 999
CLASSES - FIF;38.077.221/0001-30;WELLINGTON EUROPEAN EQUITY ADVISORY CLASSE DE INVESTIMENTO EM AÇÕES  IE  RESP LIMITADA;2025-02-28;DIFERENCIAL DE SWAP A PAGAR;SWAP;;;;;;;;199201.48;;2025-05-29;SCP;DOL X PRE
CLASSES - FIF;38.077.221/0001-30;WELLINGTON EUROPEAN EQUITY ADVISORY CLASSE DE INVESTIMENTO EM AÇÕES  IE  RESP LIMITADA;2025-02-28;DIFERENCIAL DE SWAP A RECEBER;SWAP;;;;;;;;101915.34;;2025-05-29;SCP;DOL X PRE
CLASSES - FIF;38.428.156/0001-40;J CHINA EQUITY ADVISORY CLASSE DE INVESTIMENTO EM AÇÕES INVESTIMENTO NO EXTERIOR - RESP LIMITADA;2025-02-28;DIFERENCIAL DE SWAP A PAGAR;SWAP;;;;;;;;525825.05;;2025-05-29;SCP;DOL X PRE
CLASSES - FIF;38.428.156/0001-40;J CHINA EQUITY ADVISORY CLASSE DE INVESTIMENTO EM AÇÕES INVESTIMENTO NO EXTERIOR - RESP LIMITADA;2025-02-28;DIFERENCIAL DE SWAP A RECEBER;SWAP;;;;;;;;534678.78;;2025-05-29;SCP;DOL X PRE
CLASSES - FIF;38.443.120/0001-36;WELLINGTON ASIA TEC ADV CLA ACOES IE RP;2025-02-28;DIFERENCIAL DE SWAP A PAGAR;SWAP;;;;;;;;704062.97;;2025-05-29;SCP;DOL X PRE
CLASSES - FIF;38.443.120/0001-36;WELLINGTON ASIA TEC ADV CLA ACOES IE RP;2025-02-28;DIFERENCIAL DE SWAP A RECEBER;SWAP;;;;;;;;508501.79;;2025-05-29;SCP;DOL X PRE
CLASSES - FIF;38.860.913/0001-50;BRAM FUNDO DE INVESTIMENTO FINANCEIRO MULTIMERCADO CREDIT;2025-02-28;DIFERENCIAL DE SWAP A RECEBER;SWAP;;;;;;;;66344.00;;2025-05-29;Outros;999 X 999
CLASSES - FIF;39.227.204/0001-03;TREND BOLSAS EUROPEIAS FUNDO DE INVESTIMENTO FINANCEIRO MULTIMERCADO - RESPONSABILIDADE LIMITADA;2025-02-28;DIFERENCIAL DE SWAP A PAGAR;SWAP;;;;;;;;24996.54;;;Outros;999 X 999
CLASSES - FIF;39.227.204/0001-03;TREND BOLSAS EUROPEIAS FUNDO DE INVESTIMENTO FINANCEIRO MULTIMERCADO - RESPONSABILIDADE LIMITADA;2025-02-28;DIFERENCIAL DE SWAP A RECEBER;SWAP;;;;;;;;334217.00;;;Outros;999 X 999
CLASSES - FIF;39.774.017/0001-31;CAIXA MASTER CAPITAL PROTEGIDO BOLSA DE VALORES IV FIF MULTIMERCADO - RESPONSABILIDADE LIMITADA;2025-02-28;DIFERENCIAL DE SWAP A PAGAR;SWAP;;;;;;;;5400993.92;;;SDP;DI1 X PRE
CLASSES - FIF;40.212.817/0001-48;TREND COMMODITIES FUNDO DE INVESTIMENTO FINANCEIRO MULTIMERCADO - RESPONSABILIDADE LIMITADA;2025-02-28;DIFERENCIAL DE SWAP A PAGAR;SWAP;;;;;;;;289867.86;;;Outros;999 X 999
CLASSES - FIF;40.212.817/0001-48;TREND COMMODITIES FUNDO DE INVESTIMENTO FINANCEIRO MULTIMERCADO - RESPONSABILIDADE LIMITADA;2025-02-28;DIFERENCIAL DE SWAP A RECEBER;SWAP;;;;;;;;68512.46;;;Outros;999 X 999
CLASSES - FIF;41.733.441/0001-80;CAIXA MASTER CAPITAL PROTEGIDO CESTA AGRO FUNDO DE INVESTIMENTO FINANCEIRO MULT LP - RESP LIMITADA;2025-02-28;DIFERENCIAL DE SWAP A PAGAR;SWAP;;;;;;;;1584848.31;;;SDP;DI1 X PRE
CLASSES - FIF;42.120.343/0001-30;CAIXA MASTER CAPITAL PROTEGIDO CICLICO II FIF MULTIMERCADO LONGO PRAZO - RESP LIMITADA;2025-02-28;DIFERENCIAL DE SWAP A PAGAR;SWAP;;;;;;;;6207950.57;;;SDP;DI1 X PRE
CLASSES - FIF;42.403.085/0001-07;TREND AGUA TECH FUNDO DE INVESTIMENTO FINANCEIRO MULTIMERCADO IS - RESPONSABILIDADE LIMITADA;2025-02-28;DIFERENCIAL DE SWAP A PAGAR;SWAP;;;;;;;;39886.34;;;Outros;999 X 999
CLASSES - FIF;42.403.085/0001-07;TREND AGUA TECH FUNDO DE INVESTIMENTO FINANCEIRO MULTIMERCADO IS - RESPONSABILIDADE LIMITADA;2025-02-28;DIFERENCIAL DE SWAP A RECEBER;SWAP;;;;;;;;25611.49;;;Outros;999 X 999
CLASSES - FIF;42.776.707/0001-34;TREND SEMICONDUTORES FUNDO DE INVESTIMENTO MULTIMERCADO RESPONSABILIDADE LIMITADA;2025-02-28;DIFERENCIAL DE SWAP A PAGAR;SWAP;;;;;;;;1602691.55;;;Outros;999 X 999
CLASSES - FIF;44.814.776/0001-10;STONES FUNDO DE INVESTIMENTO MULTIMERCADO CRÉDITO PRIVADO;2025-02-28;DIFERENCIAL DE SWAP A PAGAR;SWAP;;;;;;;;2968229.42;;2025-05-29;SDP;DI1 X PRE
CLASSES - FIF;44.835.930/0001-30;TREND CRÉDITO GLOBAL FUNDO DE INVESTIMENTO FINANCEIRO MULTIMERCADO - RESPONSABILIDADE LIMITADA;2025-02-28;DIFERENCIAL DE SWAP A PAGAR;SWAP;;;;;;;;27589.51;;;Outros;999 X 999
CLASSES - FIF;44.835.930/0001-30;TREND CRÉDITO GLOBAL FUNDO DE INVESTIMENTO FINANCEIRO MULTIMERCADO - RESPONSABILIDADE LIMITADA;2025-02-28;DIFERENCIAL DE SWAP A RECEBER;SWAP;;;;;;;;27413.35;;;Outros;999 X 999
CLASSES - FIF;50.712.542/0001-65;CAIXA MASTER CAPITAL PROTEGIDO BOLSA DE VALORES VI FIF MULTIMERCADO LONGO PRAZO - RESP LIMITADA;2025-02-28;DIFERENCIAL DE SWAP A PAGAR;SWAP;;;;;;;;3107360.96;;;SDP;DI1 X PRE
CLASSES - FIF;52.259.535/0001-85;GROELÂNDIA FUNDO DE INVESTIMENTO EM INFRAESTRUTURA RENDA FIXA CRÉDITO PRIVADO;2025-02-28;DIFERENCIAL DE SWAP A PAGAR;SWAP;;;;;;;;1367428.50;;;SDP;DI1 X PRE
CLASSES - FIF;53.113.637/0001-50;LIBERO 2 ESTRUTURADO FUNDO DE INVESTIMENTO MULTIMERCADO CRÉDITO PRIVADO;2025-02-28;DIFERENCIAL DE SWAP A PAGAR;SWAP;;;;;;;;258933.56;;2025-05-29;SDP;DI1 X PRE
CLASSES - FIF;54.274.648/0001-85;BNP PARIBAS CAPITAL PROTEGIDO MASTER OPORT LOCAL CLASSE DE INVEST MULT RESPONSABILIDADE LIMITADA;2025-02-28;DIFERENCIAL DE SWAP A PAGAR;SWAP;;;;;;;;1709909.70;;;SDP;DI1 X PRE
CLASSES - FIF;54.776.432/0001-18;TRANSFERO ABSOLUTE HORIZON FUNDO DE INVESTIMENTO FINANCEIRO;2025-02-28;DIFERENCIAL DE SWAP A PAGAR;SWAP;;;;;;;;212074.58;;2025-05-29;Outros;999 X 999
CLASSES - FIF;55.129.384/0001-39;JPM PACIFIC EQUITY CLASSE DE INVESTIMENTO EM ACOES IE - RESPONSABILIDADE LIMITADA;2025-02-28;DIFERENCIAL DE SWAP A PAGAR;SWAP;;;;;;;;51106.03;;2025-05-29;SCP;DOL X PRE
CLASSES - FIF;55.129.384/0001-39;JPM PACIFIC EQUITY CLASSE DE INVESTIMENTO EM ACOES IE - RESPONSABILIDADE LIMITADA;2025-02-28;DIFERENCIAL DE SWAP A RECEBER;SWAP;;;;;;;;65060.21;;2025-05-29;SCP;DOL X PRE
CLASSES - FIF;55.274.339/0001-78;RIO BRAVO PROTEÇÃO PORTFÓLIO FI FINANCEIRO MULTIMERCADO - RESPONSABILIDADE LIMITADA;2025-02-28;DIFERENCIAL DE SWAP A RECEBER;SWAP;;;;;;;;68928672.90;;;Outros;999 X 999
CLASSES - FIF;55.771.625/0001-49;RIO BRAVO PROTEÇÃO PORTFÓLIO II FUNDO DE INVESTIMENTO FINANCEIRO MULTIMERCADO - RESP LIMITADA;2025-02-28;DIFERENCIAL DE SWAP A RECEBER;SWAP;;;;;;;;26484424.17;;;Outros;999 X 999
CLASSES - FIF;55.897.646/0001-05;WHG JBA DEBÊNTURES INCENTIVADAS FUNDO DE INVESTIMENTO MULTIMERCADO CRÉDITO PRIVADO;2025-02-28;DIFERENCIAL DE SWAP A RECEBER;SWAP;;;;;;;;1394312.49;;2025-05-29;SDL;DI1 X IAP
CLASSES - FIF;56.237.770/0001-07;SANTANDER PB SPLIT MULTIMERCADO - FUNDO DE INVESTIMENTO FINANCEIRO;2025-02-28;DIFERENCIAL DE SWAP A PAGAR;SWAP;;;;;;;;2042558.49;;2025-05-29;SDP;DI1 X PRE
CLASSES - FIF;56.283.391/0001-53;SANTANDER PB ROMA III MULTIMERCADO CRÉDITO PRIVADO - FUNDO DE INVESTIMENTO FINANCEIRO;2025-02-28;DIFERENCIAL DE SWAP A PAGAR;SWAP;;;;;;;;156934.84;;;SDP;DI1 X PRE
FI;02.668.201/0001-97;BNP PARIBAS EQD BRAZIL FUND CLASSE DE INVESTIMENTO MULTIMERCADO CRÉDITO PRIVADO;2025-02-28;DIFERENCIAL DE SWAP A PAGAR;SWAP;;;;;;;;258392268.36;;;Outros;999 X 999
FI;02.668.201/0001-97;BNP PARIBAS EQD BRAZIL FUND CLASSE DE INVESTIMENTO MULTIMERCADO CRÉDITO PRIVADO;2025-02-28;DIFERENCIAL DE SWAP A PAGAR;SWAP;;;;;;;;5006255.64;;;SDP;DI1 X PRE
FI;02.668.201/0001-97;BNP PARIBAS EQD BRAZIL FUND CLASSE DE INVESTIMENTO MULTIMERCADO CRÉDITO PRIVADO;2025-02-28;DIFERENCIAL DE SWAP A RECEBER;SWAP;;;;;;;;280383091.84;;;Outros;999 X 999
FI;02.668.201/0001-97;BNP PARIBAS EQD BRAZIL FUND CLASSE DE INVESTIMENTO MULTIMERCADO CRÉDITO PRIVADO;2025-02-28;DIFERENCIAL DE SWAP A RECEBER;SWAP;;;;;;;;791.28;;;SDP;DI1 X PRE
FI;02.727.085/0001-30;MÁXIMA  FMP - FGTS  PETROBRAS;2025-02-28;DIFERENCIAL DE SWAP A PAGAR;SWAP;;;;;;;;0.00;;;SDP;DI1 X PRE
FI;02.885.730/0001-42;KONA FIF MULTIMERCADO CRÉDITO PRIVADO INVESTIMENTO NO EXTERIOR RESPONSABILIDADE LIMITADA;2025-02-28;DIFERENCIAL DE SWAP A RECEBER;SWAP;;;;;;;;139206039.98;;;SDP;DI1 X PRE
FI;03.919.474/0001-20;BANESTES  FMP - FGTS  PETROBRAS;2025-02-28;DIFERENCIAL DE SWAP A PAGAR;SWAP;;;;;;;;0.00;;;SDP;DI1 X PRE
FI;04.085.474/0001-34;UBS PRÓPRIO FUNDO DE INVESTIMENTO FINANCEIRO - MULTIMERCADO CRÉDITO PRIVADO;2025-02-28;DIFERENCIAL DE SWAP A PAGAR;SWAP;;;;;;;;8569145.91;;2025-05-29;SDL;DI1 X IAP
FI;04.085.474/0001-34;UBS PRÓPRIO FUNDO DE INVESTIMENTO FINANCEIRO - MULTIMERCADO CRÉDITO PRIVADO;2025-02-28;DIFERENCIAL DE SWAP A PAGAR;SWAP;;;;;;;;1654833.24;;2025-05-29;SBP;TBF X PRE
FI;04.085.474/0001-34;UBS PRÓPRIO FUNDO DE INVESTIMENTO FINANCEIRO - MULTIMERCADO CRÉDITO PRIVADO;2025-02-28;DIFERENCIAL DE SWAP A PAGAR;SWAP;;;;;;;;161127982.39;;2025-05-29;SDP;DI1 X PRE
FI;04.085.474/0001-34;UBS PRÓPRIO FUNDO DE INVESTIMENTO FINANCEIRO - MULTIMERCADO CRÉDITO PRIVADO;2025-02-28;DIFERENCIAL DE SWAP A RECEBER;SWAP;;;;;;;;58388821.21;;2025-05-29;SDP;DI1 X PRE
FI;04.085.474/0001-34;UBS PRÓPRIO FUNDO DE INVESTIMENTO FINANCEIRO - MULTIMERCADO CRÉDITO PRIVADO;2025-02-28;DIFERENCIAL DE SWAP A RECEBER;SWAP;;;;;;;;7545223.45;;2025-05-29;SDC;DI1 X DOL
FI;04.085.474/0001-34;UBS PRÓPRIO FUNDO DE INVESTIMENTO FINANCEIRO - MULTIMERCADO CRÉDITO PRIVADO;2025-02-28;DIFERENCIAL DE SWAP A RECEBER;SWAP;;;;;;;;161217073.13;;2025-05-29;SBD;SB1 X DI1
FI;04.894.428/0001-86;BANESTES FMP-FGTS VALE DO RIO DOCE;2025-02-28;DIFERENCIAL DE SWAP A PAGAR;SWAP;;;;;;;;0.00;;;SDP;DI1 X PRE
FI;05.075.861/0001-52;BB TOP EURO FUNDO DE INVESTIMENTO FINANCEIRO CAMBIAL LONGO PRAZO RESPONSABILIDADE LIMITADA;2025-02-28;DIFERENCIAL DE SWAP A PAGAR;SWAP;;;;;;;;3387713.60;;;SDE;DI1 X REU
FI;05.754.066/0001-90;CLASSE ÚNICA DO ÁGATA FUNDO DE INVESTIMENTO FINANCEIRO MULTIMERCADO CRÉDITO PRIVADO LONGO PRAZO;2025-02-28;DIFERENCIAL DE SWAP A PAGAR;SWAP;;;;;;;;130811939.64;;;SEP;REU X PRE
FI;05.754.066/0001-90;CLASSE ÚNICA DO ÁGATA FUNDO DE INVESTIMENTO FINANCEIRO MULTIMERCADO CRÉDITO PRIVADO LONGO PRAZO;2025-02-28;DIFERENCIAL DE SWAP A PAGAR;SWAP;;;;;;;;120804508.95;;;SDE;DI1 X REU
FI;05.754.066/0001-90;CLASSE ÚNICA DO ÁGATA FUNDO DE INVESTIMENTO FINANCEIRO MULTIMERCADO CRÉDITO PRIVADO LONGO PRAZO;2025-02-28;DIFERENCIAL DE SWAP A PAGAR;SWAP;;;;;;;;372236988.14;;;SDC;DI1 X DOL
FI;05.754.066/0001-90;CLASSE ÚNICA DO ÁGATA FUNDO DE INVESTIMENTO FINANCEIRO MULTIMERCADO CRÉDITO PRIVADO LONGO PRAZO;2025-02-28;DIFERENCIAL DE SWAP A PAGAR;SWAP;;;;;;;;54277424.47;;;SDL;DI1 X IAP
FI;05.754.066/0001-90;CLASSE ÚNICA DO ÁGATA FUNDO DE INVESTIMENTO FINANCEIRO MULTIMERCADO CRÉDITO PRIVADO LONGO PRAZO;2025-02-28;DIFERENCIAL DE SWAP A PAGAR;SWAP;;;;;;;;38701427.96;;;SCP;DOL X PRE
FI;05.754.066/0001-90;CLASSE ÚNICA DO ÁGATA FUNDO DE INVESTIMENTO FINANCEIRO MULTIMERCADO CRÉDITO PRIVADO LONGO PRAZO;2025-02-28;DIFERENCIAL DE SWAP A PAGAR;SWAP;;;;;;;;713917099.10;;;Outros;999 X 999
FI;05.754.066/0001-90;CLASSE ÚNICA DO ÁGATA FUNDO DE INVESTIMENTO FINANCEIRO MULTIMERCADO CRÉDITO PRIVADO LONGO PRAZO;2025-02-28;DIFERENCIAL DE SWAP A RECEBER;SWAP;;;;;;;;14390984.60;;;SDE;DI1 X REU
FI;05.754.066/0001-90;CLASSE ÚNICA DO ÁGATA FUNDO DE INVESTIMENTO FINANCEIRO MULTIMERCADO CRÉDITO PRIVADO LONGO PRAZO;2025-02-28;DIFERENCIAL DE SWAP A RECEBER;SWAP;;;;;;;;9579331.10;;;SDL;DI1 X IAP
FI;05.754.066/0001-90;CLASSE ÚNICA DO ÁGATA FUNDO DE INVESTIMENTO FINANCEIRO MULTIMERCADO CRÉDITO PRIVADO LONGO PRAZO;2025-02-28;DIFERENCIAL DE SWAP A RECEBER;SWAP;;;;;;;;9811238.12;;;SCE;DOL X REU
FI;05.754.066/0001-90;CLASSE ÚNICA DO ÁGATA FUNDO DE INVESTIMENTO FINANCEIRO MULTIMERCADO CRÉDITO PRIVADO LONGO PRAZO;2025-02-28;DIFERENCIAL DE SWAP A RECEBER;SWAP;;;;;;;;82492335.91;;;SDC;DI1 X DOL
FI;05.754.066/0001-90;CLASSE ÚNICA DO ÁGATA FUNDO DE INVESTIMENTO FINANCEIRO MULTIMERCADO CRÉDITO PRIVADO LONGO PRAZO;2025-02-28;DIFERENCIAL DE SWAP A RECEBER;SWAP;;;;;;;;34000315.45;;;SCP;DOL X PRE
FI;05.754.066/0001-90;CLASSE ÚNICA DO ÁGATA FUNDO DE INVESTIMENTO FINANCEIRO MULTIMERCADO CRÉDITO PRIVADO LONGO PRAZO;2025-02-28;DIFERENCIAL DE SWAP A RECEBER;SWAP;;;;;;;;117982520.00;;;Outros;999 X 999
FI;05.754.066/0001-90;CLASSE ÚNICA DO ÁGATA FUNDO DE INVESTIMENTO FINANCEIRO MULTIMERCADO CRÉDITO PRIVADO LONGO PRAZO;2025-02-28;DIFERENCIAL DE SWAP A RECEBER;SWAP;;;;;;;;127231416.79;;;SEP;REU X PRE
FI;07.110.975/0001-11;CLASSE ÚNICA DO OAK FUNDO DE  INVESTIMENTO FINANCEIRO MULTIMERCADO  CP INVESTIMENTO NO EXTERIOR;2025-02-28;DIFERENCIAL DE SWAP A PAGAR;SWAP;;;;;;;;221848340.67;;;Outros;999 X 999
FI;07.110.975/0001-11;CLASSE ÚNICA DO OAK FUNDO DE  INVESTIMENTO FINANCEIRO MULTIMERCADO  CP INVESTIMENTO NO EXTERIOR;2025-02-28;DIFERENCIAL DE SWAP A RECEBER;SWAP;;;;;;;;172501.15;;;SDC;DI1 X DOL
FI;07.110.975/0001-11;CLASSE ÚNICA DO OAK FUNDO DE  INVESTIMENTO FINANCEIRO MULTIMERCADO  CP INVESTIMENTO NO EXTERIOR;2025-02-28;DIFERENCIAL DE SWAP A RECEBER;SWAP;;;;;;;;906490887.62;;;Outros;999 X 999
FI;08.771.962/0001-56;OITI FIF MULTIMERCADO CRÉDITO PRIVADO INVESTIMENTO NO EXTERIOR RESPONSABILIDADE LIMITADA;2025-02-28;DIFERENCIAL DE SWAP A PAGAR;SWAP;;;;;;;;235700847.01;;;SCE;DOL X REU
FI;08.771.962/0001-56;OITI FIF MULTIMERCADO CRÉDITO PRIVADO INVESTIMENTO NO EXTERIOR RESPONSABILIDADE LIMITADA;2025-02-28;DIFERENCIAL DE SWAP A PAGAR;SWAP;;;;;;;;257057312.99;;;SCP;DOL X PRE
FI;08.771.962/0001-56;OITI FIF MULTIMERCADO CRÉDITO PRIVADO INVESTIMENTO NO EXTERIOR RESPONSABILIDADE LIMITADA;2025-02-28;DIFERENCIAL DE SWAP A RECEBER;SWAP;;;;;;;;9594552.03;;;SCE;DOL X REU
FI;08.771.975/0001-25;BNP PARIBAS PROPRIETÁRIO CLASSE DE INVESTIMENTO MULTIMERCADO CRÉDITO PRIVADO;2025-02-28;DIFERENCIAL DE SWAP A PAGAR;SWAP;;;;;;;;560242411.28;;;Outros;999 X 999
FI;08.771.975/0001-25;BNP PARIBAS PROPRIETÁRIO CLASSE DE INVESTIMENTO MULTIMERCADO CRÉDITO PRIVADO;2025-02-28;DIFERENCIAL DE SWAP A PAGAR;SWAP;;;;;;;;63648879.05;;;SDP;DI1 X PRE
FI;08.771.975/0001-25;BNP PARIBAS PROPRIETÁRIO CLASSE DE INVESTIMENTO MULTIMERCADO CRÉDITO PRIVADO;2025-02-28;DIFERENCIAL DE SWAP A PAGAR;SWAP;;;;;;;;1103416372.13;;;SEP;REU X PRE
FI;08.771.975/0001-25;BNP PARIBAS PROPRIETÁRIO CLASSE DE INVESTIMENTO MULTIMERCADO CRÉDITO PRIVADO;2025-02-28;DIFERENCIAL DE SWAP A PAGAR;SWAP;;;;;;;;770598851.25;;;SCP;DOL X PRE
FI;08.771.975/0001-25;BNP PARIBAS PROPRIETÁRIO CLASSE DE INVESTIMENTO MULTIMERCADO CRÉDITO PRIVADO;2025-02-28;DIFERENCIAL DE SWAP A PAGAR;SWAP;;;;;;;;598559204.75;;;SDC;DI1 X DOL
FI;08.771.975/0001-25;BNP PARIBAS PROPRIETÁRIO CLASSE DE INVESTIMENTO MULTIMERCADO CRÉDITO PRIVADO;2025-02-28;DIFERENCIAL DE SWAP A PAGAR;SWAP;;;;;;;;262365993.21;;;SDE;DI1 X REU
FI;08.771.975/0001-25;BNP PARIBAS PROPRIETÁRIO CLASSE DE INVESTIMENTO MULTIMERCADO CRÉDITO PRIVADO;2025-02-28;DIFERENCIAL DE SWAP A PAGAR;SWAP;;;;;;;;180351.35;;;SCE;DOL X REU
FI;08.771.975/0001-25;BNP PARIBAS PROPRIETÁRIO CLASSE DE INVESTIMENTO MULTIMERCADO CRÉDITO PRIVADO;2025-02-28;DIFERENCIAL DE SWAP A RECEBER;SWAP;;;;;;;;468757645.41;;;Outros;999 X 999
FI;08.771.975/0001-25;BNP PARIBAS PROPRIETÁRIO CLASSE DE INVESTIMENTO MULTIMERCADO CRÉDITO PRIVADO;2025-02-28;DIFERENCIAL DE SWAP A RECEBER;SWAP;;;;;;;;2012082820.40;;;SCP;DOL X PRE
FI;08.771.975/0001-25;BNP PARIBAS PROPRIETÁRIO CLASSE DE INVESTIMENTO MULTIMERCADO CRÉDITO PRIVADO;2025-02-28;DIFERENCIAL DE SWAP A RECEBER;SWAP;;;;;;;;429021778.64;;;SDC;DI1 X DOL
FI;08.771.975/0001-25;BNP PARIBAS PROPRIETÁRIO CLASSE DE INVESTIMENTO MULTIMERCADO CRÉDITO PRIVADO;2025-02-28;DIFERENCIAL DE SWAP A RECEBER;SWAP;;;;;;;;399949102.44;;;SEP;REU X PRE
FI;08.771.975/0001-25;BNP PARIBAS PROPRIETÁRIO CLASSE DE INVESTIMENTO MULTIMERCADO CRÉDITO PRIVADO;2025-02-28;DIFERENCIAL DE SWAP A RECEBER;SWAP;;;;;;;;124324982.11;;;SDP;DI1 X PRE
FI;08.771.975/0001-25;BNP PARIBAS PROPRIETÁRIO CLASSE DE INVESTIMENTO MULTIMERCADO CRÉDITO PRIVADO;2025-02-28;DIFERENCIAL DE SWAP A RECEBER;SWAP;;;;;;;;69472720.04;;;SDE;DI1 X REU
FI;08.771.975/0001-25;BNP PARIBAS PROPRIETÁRIO CLASSE DE INVESTIMENTO MULTIMERCADO CRÉDITO PRIVADO;2025-02-28;DIFERENCIAL DE SWAP A RECEBER;SWAP;;;;;;;;11444284.80;;;SLE;IAP X REU
FI;09.228.836/0001-12;HORIZON CLASSE DE INVESTIMENTO MULTIMERCADO CRÉDITO PRIVADO INVESTIMENTO NO EXTERIOR;2025-02-28;DIFERENCIAL DE SWAP A PAGAR;SWAP;;;;;;;;15627798.77;;;SDP;DI1 X PRE
FI;09.228.836/0001-12;HORIZON CLASSE DE INVESTIMENTO MULTIMERCADO CRÉDITO PRIVADO INVESTIMENTO NO EXTERIOR;2025-02-28;DIFERENCIAL DE SWAP A PAGAR;SWAP;;;;;;;;1031712.90;;;SDL;DI1 X IAP
FI;09.228.836/0001-12;HORIZON CLASSE DE INVESTIMENTO MULTIMERCADO CRÉDITO PRIVADO INVESTIMENTO NO EXTERIOR;2025-02-28;DIFERENCIAL DE SWAP A PAGAR;SWAP;;;;;;;;3314865.15;;;SCP;DOL X PRE
FI;09.228.836/0001-12;HORIZON CLASSE DE INVESTIMENTO MULTIMERCADO CRÉDITO PRIVADO INVESTIMENTO NO EXTERIOR;2025-02-28;DIFERENCIAL DE SWAP A PAGAR;SWAP;;;;;;;;711980529.48;;;Outros;999 X 999
FI;09.228.836/0001-12;HORIZON CLASSE DE INVESTIMENTO MULTIMERCADO CRÉDITO PRIVADO INVESTIMENTO NO EXTERIOR;2025-02-28;DIFERENCIAL DE SWAP A RECEBER;SWAP;;;;;;;;26286817.68;;;SDP;DI1 X PRE
FI;09.228.836/0001-12;HORIZON CLASSE DE INVESTIMENTO MULTIMERCADO CRÉDITO PRIVADO INVESTIMENTO NO EXTERIOR;2025-02-28;DIFERENCIAL DE SWAP A RECEBER;SWAP;;;;;;;;44099453.31;;;SCP;DOL X PRE
FI;09.228.836/0001-12;HORIZON CLASSE DE INVESTIMENTO MULTIMERCADO CRÉDITO PRIVADO INVESTIMENTO NO EXTERIOR;2025-02-28;DIFERENCIAL DE SWAP A RECEBER;SWAP;;;;;;;;3473429.84;;;SDL;DI1 X IAP
FI;09.228.836/0001-12;HORIZON CLASSE DE INVESTIMENTO MULTIMERCADO CRÉDITO PRIVADO INVESTIMENTO NO EXTERIOR;2025-02-28;DIFERENCIAL DE SWAP A RECEBER;SWAP;;;;;;;;1063233.75;;;Outros;999 X 999
FI;09.523.207/0001-15;BRADESCO TEJO FI FINANCEIRO - CI MULT - RESP LIMITADA;2025-02-28;DIFERENCIAL DE SWAP A RECEBER;SWAP;;;;;;;;258660.77;;;SDL;DI1 X IAP
FI;09.577.034/0001-18;CAIEIRAS FIF MULTIMERCADO INVESTIMENTO NO EXTERIOR CRÉDITO PRIVADO RESPONSABILIDADE LIMITADA;2025-02-28;DIFERENCIAL DE SWAP A PAGAR;SWAP;;;;;;;;41845996.65;;;SDP;DI1 X PRE
FI;09.577.034/0001-18;CAIEIRAS FIF MULTIMERCADO INVESTIMENTO NO EXTERIOR CRÉDITO PRIVADO RESPONSABILIDADE LIMITADA;2025-02-28;DIFERENCIAL DE SWAP A RECEBER;SWAP;;;;;;;;273028193.25;;;SDC;DI1 X DOL
FI;09.577.034/0001-18;CAIEIRAS FIF MULTIMERCADO INVESTIMENTO NO EXTERIOR CRÉDITO PRIVADO RESPONSABILIDADE LIMITADA;2025-02-28;DIFERENCIAL DE SWAP A RECEBER;SWAP;;;;;;;;4404661.16;;;SDP;DI1 X PRE
FI;09.720.523/0001-87;BB PREV MULTI II FIF MULTIMERCADO CRÉDITO PRIVADO RESPONSABILIDADE LIMITADA;2025-02-28;DIFERENCIAL DE SWAP A PAGAR;SWAP;;;;;;;;74287485.00;;;SDM;DI1 X IGM
FI;09.720.523/0001-87;BB PREV MULTI II FIF MULTIMERCADO CRÉDITO PRIVADO RESPONSABILIDADE LIMITADA;2025-02-28;DIFERENCIAL DE SWAP A RECEBER;SWAP;;;;;;;;38406600.00;;;SFD;IPC X DI1
FI;10.435.467/0001-18;SHARP MULTIMANAGER BBDC FI FINANCEIRO - CI MULT - RESP LIMITADA;2025-02-28;DIFERENCIAL DE SWAP A RECEBER;SWAP;;;;;;;;8877.47;;2025-05-29;Outros;999 X 999
FI;11.702.084/0001-21;SAINT GERMAIN FUNDO DE INVESTIMENTO MULTI - RESPONSANBILIDADE LIMITADA;2025-02-28;DIFERENCIAL DE SWAP A PAGAR;SWAP;;;;;;;;193523.11;;2025-05-29;Outros;999 X 999
FI;11.702.084/0001-21;SAINT GERMAIN FUNDO DE INVESTIMENTO MULTI - RESPONSANBILIDADE LIMITADA;2025-02-28;DIFERENCIAL DE SWAP A RECEBER;SWAP;;;;;;;;16687250.79;;2025-05-29;Outros;999 X 999
FI;11.769.285/0001-46;SPHERE CLASSE DE INVESTIMENTO MULTIMERCADO CRÉDITO PRIVADO INVESTIMENTO NO EXTERIOR;2025-02-28;DIFERENCIAL DE SWAP A PAGAR;SWAP;;;;;;;;248398771.45;;;Outros;999 X 999
FI;11.769.285/0001-46;SPHERE CLASSE DE INVESTIMENTO MULTIMERCADO CRÉDITO PRIVADO INVESTIMENTO NO EXTERIOR;2025-02-28;DIFERENCIAL DE SWAP A PAGAR;SWAP;;;;;;;;825684763.05;;;SDC;DI1 X DOL
FI;11.769.285/0001-46;SPHERE CLASSE DE INVESTIMENTO MULTIMERCADO CRÉDITO PRIVADO INVESTIMENTO NO EXTERIOR;2025-02-28;DIFERENCIAL DE SWAP A PAGAR;SWAP;;;;;;;;2249663314.17;;;SDP;DI1 X PRE
FI;11.769.285/0001-46;SPHERE CLASSE DE INVESTIMENTO MULTIMERCADO CRÉDITO PRIVADO INVESTIMENTO NO EXTERIOR;2025-02-28;DIFERENCIAL DE SWAP A PAGAR;SWAP;;;;;;;;214912.76;;;SCE;DOL X REU
FI;11.769.285/0001-46;SPHERE CLASSE DE INVESTIMENTO MULTIMERCADO CRÉDITO PRIVADO INVESTIMENTO NO EXTERIOR;2025-02-28;DIFERENCIAL DE SWAP A PAGAR;SWAP;;;;;;;;924093299.27;;;SCP;DOL X PRE
FI;11.769.285/0001-46;SPHERE CLASSE DE INVESTIMENTO MULTIMERCADO CRÉDITO PRIVADO INVESTIMENTO NO EXTERIOR;2025-02-28;DIFERENCIAL DE SWAP A PAGAR;SWAP;;;;;;;;703833130.58;;;SDL;DI1 X IAP
FI;11.769.285/0001-46;SPHERE CLASSE DE INVESTIMENTO MULTIMERCADO CRÉDITO PRIVADO INVESTIMENTO NO EXTERIOR;2025-02-28;DIFERENCIAL DE SWAP A RECEBER;SWAP;;;;;;;;473178409.91;;;Outros;999 X 999
FI;11.769.285/0001-46;SPHERE CLASSE DE INVESTIMENTO MULTIMERCADO CRÉDITO PRIVADO INVESTIMENTO NO EXTERIOR;2025-02-28;DIFERENCIAL DE SWAP A RECEBER;SWAP;;;;;;;;163216216.32;;;SDC;DI1 X DOL
FI;11.769.285/0001-46;SPHERE CLASSE DE INVESTIMENTO MULTIMERCADO CRÉDITO PRIVADO INVESTIMENTO NO EXTERIOR;2025-02-28;DIFERENCIAL DE SWAP A RECEBER;SWAP;;;;;;;;1903384308.79;;;SDP;DI1 X PRE
FI;11.769.285/0001-46;SPHERE CLASSE DE INVESTIMENTO MULTIMERCADO CRÉDITO PRIVADO INVESTIMENTO NO EXTERIOR;2025-02-28;DIFERENCIAL DE SWAP A RECEBER;SWAP;;;;;;;;1269011973.85;;;SDL;DI1 X IAP
FI;11.769.285/0001-46;SPHERE CLASSE DE INVESTIMENTO MULTIMERCADO CRÉDITO PRIVADO INVESTIMENTO NO EXTERIOR;2025-02-28;DIFERENCIAL DE SWAP A RECEBER;SWAP;;;;;;;;399221627.30;;;SCP;DOL X PRE
FI;11.886.391/0001-00;CLASSE A DE INVESTIMENTO MULTIMERCADO CRÉDITO PRIVADO;2025-02-28;DIFERENCIAL DE SWAP A PAGAR;SWAP;;;;;;;;108580.98;;;SDP;DI1 X PRE
FI;11.886.391/0001-00;CLASSE A DE INVESTIMENTO MULTIMERCADO CRÉDITO PRIVADO;2025-02-28;DIFERENCIAL DE SWAP A RECEBER;SWAP;;;;;;;;679510.55;;;SDP;DI1 X PRE
FI;12.610.561/0001-91;TOTAL FI FINANCEIRO - CI MULT CRED PRIV - RESP LIMITADA;2025-02-28;DIFERENCIAL DE SWAP A RECEBER;SWAP;;;;;;;;4576401.78;;2025-05-29;SDL;DI1 X IAP
FI;12.610.561/0001-91;TOTAL FI FINANCEIRO - CI MULT CRED PRIV - RESP LIMITADA;2025-02-28;DIFERENCIAL DE SWAP A RECEBER;SWAP;;;;;;;;16506979.50;;2025-05-29;SDC;DI1 X DOL
FI;13.107.003/0001-70;PASCAL FUNDO DE INVESTIMENTO FINANCEIRO MULTIMERCADO CRÉDITO PRIVADO IE - RESPONSABILIDADE LIMITADA;2025-02-28;DIFERENCIAL DE SWAP A PAGAR;SWAP;;;;;;;;146131864.87;;2025-05-29;Outros;999 X 999
FI;15.037.582/0001-58;BB PREV PÚBLICO RF FUNDO DE INVESTIMENTO FINANCEIRO RENDA FIXA RESPONSABILIDADE LIMITADA;2025-02-28;DIFERENCIAL DE SWAP A PAGAR;SWAP;;;;;;;;135630180.00;;;SDM;DI1 X IGM
FI;15.037.582/0001-58;BB PREV PÚBLICO RF FUNDO DE INVESTIMENTO FINANCEIRO RENDA FIXA RESPONSABILIDADE LIMITADA;2025-02-28;DIFERENCIAL DE SWAP A RECEBER;SWAP;;;;;;;;60001753.00;;;SFD;IPC X DI1
FI;15.740.377/0001-54;SANTANDER DIAMANTINA MULTIMERCADO CRÉDITO PRIVADO - FIF;2025-02-28;DIFERENCIAL DE SWAP A PAGAR;SWAP;;;;;;;;4176889064.92;;;SDP;DI1 X PRE
FI;15.740.377/0001-54;SANTANDER DIAMANTINA MULTIMERCADO CRÉDITO PRIVADO - FIF;2025-02-28;DIFERENCIAL DE SWAP A RECEBER;SWAP;;;;;;;;29396.15;;;SDP;DI1 X PRE
FI;17.373.839/0001-78;POLO NORTE MASTER FIF MULTIMERCADO - RESPONSABILIDADE LIMITADA;2025-02-28;DIFERENCIAL DE SWAP A RECEBER;SWAP;;;;;;;;102902.53;;;Outros;999 X 999
FI;22.681.938/0001-57;LC GLOBAL MASTER FUNDO DE INVESTIMENTO MULTIMERCADO CRÉDITO PRIVADO INVESTIMENTO NO EXTERIOR;2025-02-28;DIFERENCIAL DE SWAP A PAGAR;SWAP;;;;;;;;130145.81;;2025-05-29;Outros;999 X 999
FI;22.975.153/0001-97;GLADIUS FIF MULTIMERCADO CRÉDITO PRIVADO INVESTIMENTO NO EXTERIOR;2025-02-28;DIFERENCIAL DE SWAP A PAGAR;SWAP;;;;;;;;83236265.65;;2025-05-29;SLP;IAP X PRE
FI;22.975.153/0001-97;GLADIUS FIF MULTIMERCADO CRÉDITO PRIVADO INVESTIMENTO NO EXTERIOR;2025-02-28;DIFERENCIAL DE SWAP A PAGAR;SWAP;;;;;;;;11084031706.96;;2025-05-29;Outros;999 X 999
FI;22.975.153/0001-97;GLADIUS FIF MULTIMERCADO CRÉDITO PRIVADO INVESTIMENTO NO EXTERIOR;2025-02-28;DIFERENCIAL DE SWAP A PAGAR;SWAP;;;;;;;;518931171.83;;2025-05-29;SDL;DI1 X IAP
FI;22.975.153/0001-97;GLADIUS FIF MULTIMERCADO CRÉDITO PRIVADO INVESTIMENTO NO EXTERIOR;2025-02-28;DIFERENCIAL DE SWAP A PAGAR;SWAP;;;;;;;;3169513506.60;;2025-05-29;SDP;DI1 X PRE
FI;22.975.153/0001-97;GLADIUS FIF MULTIMERCADO CRÉDITO PRIVADO INVESTIMENTO NO EXTERIOR;2025-02-28;DIFERENCIAL DE SWAP A PAGAR;SWAP;;;;;;;;3613534.64;;2025-05-29;SNP;IND X PRE
FI;22.975.153/0001-97;GLADIUS FIF MULTIMERCADO CRÉDITO PRIVADO INVESTIMENTO NO EXTERIOR;2025-02-28;DIFERENCIAL DE SWAP A PAGAR;SWAP;;;;;;;;17037746.71;;2025-05-29;SEP;REU X PRE
FI;22.975.153/0001-97;GLADIUS FIF MULTIMERCADO CRÉDITO PRIVADO INVESTIMENTO NO EXTERIOR;2025-02-28;DIFERENCIAL DE SWAP A PAGAR;SWAP;;;;;;;;10738391.13;;2025-05-29;SDE;DI1 X REU
FI;22.975.153/0001-97;GLADIUS FIF MULTIMERCADO CRÉDITO PRIVADO INVESTIMENTO NO EXTERIOR;2025-02-28;DIFERENCIAL DE SWAP A RECEBER;SWAP;;;;;;;;4956595051.46;;2025-05-29;Outros;999 X 999
FI;22.975.153/0001-97;GLADIUS FIF MULTIMERCADO CRÉDITO PRIVADO INVESTIMENTO NO EXTERIOR;2025-02-28;DIFERENCIAL DE SWAP A RECEBER;SWAP;;;;;;;;185402646.48;;2025-05-29;SLP;IAP X PRE
FI;22.975.153/0001-97;GLADIUS FIF MULTIMERCADO CRÉDITO PRIVADO INVESTIMENTO NO EXTERIOR;2025-02-28;DIFERENCIAL DE SWAP A RECEBER;SWAP;;;;;;;;4477977522.18;;2025-05-29;SDL;DI1 X IAP
FI;22.975.153/0001-97;GLADIUS FIF MULTIMERCADO CRÉDITO PRIVADO INVESTIMENTO NO EXTERIOR;2025-02-28;DIFERENCIAL DE SWAP A RECEBER;SWAP;;;;;;;;2738628758.47;;2025-05-29;SDP;DI1 X PRE
FI;22.975.153/0001-97;GLADIUS FIF MULTIMERCADO CRÉDITO PRIVADO INVESTIMENTO NO EXTERIOR;2025-02-28;DIFERENCIAL DE SWAP A RECEBER;SWAP;;;;;;;;84667.90;;2025-05-29;SDE;DI1 X REU
FI;23.686.472/0001-45;AZ QUEST MASTER TOTAL RETURN FUNDO DE INVESTIMENTO FINANCEIRO MULTIMERCADO;2025-02-28;DIFERENCIAL DE SWAP A PAGAR;SWAP;;;;;;;;225819.67;;2025-05-29;Outros;999 X 999
FI;23.686.472/0001-45;AZ QUEST MASTER TOTAL RETURN FUNDO DE INVESTIMENTO FINANCEIRO MULTIMERCADO;2025-02-28;DIFERENCIAL DE SWAP A RECEBER;SWAP;;;;;;;;1211129.06;;2025-05-29;Outros;999 X 999
FI;23.720.458/0001-10;FALX FIF MULTIMERCADO CRÉDITO PRIVADO INVESTIMENTO NO EXTERIOR;2025-02-28;DIFERENCIAL DE SWAP A PAGAR;SWAP;;;;;;;;16861677.52;;2025-05-29;SDL;DI1 X IAP
FI;23.720.458/0001-10;FALX FIF MULTIMERCADO CRÉDITO PRIVADO INVESTIMENTO NO EXTERIOR;2025-02-28;DIFERENCIAL DE SWAP A PAGAR;SWAP;;;;;;;;270781282.43;;2025-05-29;SDP;DI1 X PRE
FI;23.720.458/0001-10;FALX FIF MULTIMERCADO CRÉDITO PRIVADO INVESTIMENTO NO EXTERIOR;2025-02-28;DIFERENCIAL DE SWAP A PAGAR;SWAP;;;;;;;;409411896.41;;2025-05-29;Outros;999 X 999
FI;23.720.458/0001-10;FALX FIF MULTIMERCADO CRÉDITO PRIVADO INVESTIMENTO NO EXTERIOR;2025-02-28;DIFERENCIAL DE SWAP A RECEBER;SWAP;;;;;;;;6464499.09;;2025-05-29;SDL;DI1 X IAP
FI;23.720.458/0001-10;FALX FIF MULTIMERCADO CRÉDITO PRIVADO INVESTIMENTO NO EXTERIOR;2025-02-28;DIFERENCIAL DE SWAP A RECEBER;SWAP;;;;;;;;938146508.49;;2025-05-29;SDP;DI1 X PRE
FI;23.720.458/0001-10;FALX FIF MULTIMERCADO CRÉDITO PRIVADO INVESTIMENTO NO EXTERIOR;2025-02-28;DIFERENCIAL DE SWAP A RECEBER;SWAP;;;;;;;;369218406.55;;2025-05-29;Outros;999 X 999
FI;24.018.842/0001-39;SCORPIO FIF MULTIMERCADO CRÉDITO PRIVADO INVESTIMENTO NO EXTERIOR;2025-02-28;DIFERENCIAL DE SWAP A PAGAR;SWAP;;;;;;;;6464499.09;;2025-05-29;SDL;DI1 X IAP
FI;24.018.842/0001-39;SCORPIO FIF MULTIMERCADO CRÉDITO PRIVADO INVESTIMENTO NO EXTERIOR;2025-02-28;DIFERENCIAL DE SWAP A RECEBER;SWAP;;;;;;;;22608544.33;;2025-05-29;SDL;DI1 X IAP
FI;27.883.656/0001-56;DHF FUNDO DE INVESTIMENTO FINANCEIRO;2025-02-28;DIFERENCIAL DE SWAP A RECEBER;SWAP;;;;;;;;832915.82;;2025-05-29;Outros;999 X 999
FI;28.077.946/0001-75;PRATA FUNDO DE INVESTIMENTO MULTIMERCADO CRÉDITO PRIVADO;2025-02-28;DIFERENCIAL DE SWAP A PAGAR;SWAP;;;;;;;;0.00;;;Outros;999 X 999
FI;28.581.136/0001-51;VINLAND LONG BIAS MASTER FUNDO DE INVESTIMENTO FINANCEIRO MULTIMERCADO RESPONSABILIDADE LIMITADA;2025-02-28;DIFERENCIAL DE SWAP A PAGAR;SWAP;;;;;;;;37672.66;;2025-05-29;SDP;DI1 X PRE
FI;28.581.145/0001-42;VINLAND MACRO MASTER FUNDO DE INVESTIMENTO FINANCEIRO MULTIMERCADO RESPONSABILIDADE LIMITADA;2025-02-28;DIFERENCIAL DE SWAP A PAGAR;SWAP;;;;;;;;88316.71;;;SDP;DI1 X PRE
FI;28.692.461/0001-91;VINLAND MACRO PLUS MASTER FUNDO DE INVESTIMENTO FINANCEIRO MULTIMERCADO RESPONSABILIDADE LIMITADA;2025-02-28;DIFERENCIAL DE SWAP A PAGAR;SWAP;;;;;;;;151799.64;;2025-05-29;SDP;DI1 X PRE
FI;28.692.461/0001-91;VINLAND MACRO PLUS MASTER FUNDO DE INVESTIMENTO FINANCEIRO MULTIMERCADO RESPONSABILIDADE LIMITADA;2025-02-28;DIFERENCIAL DE SWAP A RECEBER;SWAP;;;;;;;;22990.99;;2025-05-29;SDP;DI1 X PRE
FI;29.045.966/0001-27;JIANG FUNDO DE INVESTIMENTO MULTIMERCADO CRÉDITO PRIVADO INVESTIMENTO NO EXTERIOR;2025-02-28;DIFERENCIAL DE SWAP A PAGAR;SWAP;;;;;;;;42710941.78;;;Outros;999 X 999
FI;29.045.966/0001-27;JIANG FUNDO DE INVESTIMENTO MULTIMERCADO CRÉDITO PRIVADO INVESTIMENTO NO EXTERIOR;2025-02-28;DIFERENCIAL DE SWAP A PAGAR;SWAP;;;;;;;;20217938.11;;;SDP;DI1 X PRE
FI;29.045.966/0001-27;JIANG FUNDO DE INVESTIMENTO MULTIMERCADO CRÉDITO PRIVADO INVESTIMENTO NO EXTERIOR;2025-02-28;DIFERENCIAL DE SWAP A RECEBER;SWAP;;;;;;;;434575.55;;;SCE;DOL X REU
FI;29.045.966/0001-27;JIANG FUNDO DE INVESTIMENTO MULTIMERCADO CRÉDITO PRIVADO INVESTIMENTO NO EXTERIOR;2025-02-28;DIFERENCIAL DE SWAP A RECEBER;SWAP;;;;;;;;119272121.15;;;Outros;999 X 999
FI;30.102.276/0001-41;SANTANDER HERMES RENDA FIXA FUNDO INCENTIVADO DE INVESTIMENTO EM INFRAESTRUTURA - FIF;2025-02-28;DIFERENCIAL DE SWAP A PAGAR;SWAP;;;;;;;;78508121.19;;;SDL;DI1 X IAP
FI;30.102.276/0001-41;SANTANDER HERMES RENDA FIXA FUNDO INCENTIVADO DE INVESTIMENTO EM INFRAESTRUTURA - FIF;2025-02-28;DIFERENCIAL DE SWAP A RECEBER;SWAP;;;;;;;;75611833.48;;;SDL;DI1 X IAP
FI;31.846.670/0001-57;VINLAND LONG BIAS PREVIDENCIÁRIO MASTER FIF MULTIMERCADO RESPONSABILIDADE LIMITADA;2025-02-28;DIFERENCIAL DE SWAP A PAGAR;SWAP;;;;;;;;6635.52;;;SDP;DI1 X PRE
FI;31.932.658/0001-65;VINLAND MACRO PREVIDENCIÁRIO MASTER FIF MULTIMERCADO RESPONSABILIDADE LIMITADA;2025-02-28;DIFERENCIAL DE SWAP A PAGAR;SWAP;;;;;;;;36388.36;;;SDP;DI1 X PRE
FI;32.319.351/0001-56;TREND TECNOLOGIA AMERICANA FUNDO DE INVESTIMENTO MULTIMERCADO RESPONSABILIDADE LIMITADA;2025-02-28;DIFERENCIAL DE SWAP A PAGAR;SWAP;;;;;;;;1059410.06;;;Outros;999 X 999
FI;33.701.422/0001-43;MIZUHO BRAZIL FUNDO DE  INVESTIMENTO MULTIMERCADO CRÉDITO  PRIVADO - INVESTIMENTO NO EXTERIOR;2025-02-28;DIFERENCIAL DE SWAP A PAGAR;SWAP;;;;;;;;226040753.10;;;Outros;999 X 999
FI;33.701.422/0001-43;MIZUHO BRAZIL FUNDO DE  INVESTIMENTO MULTIMERCADO CRÉDITO  PRIVADO - INVESTIMENTO NO EXTERIOR;2025-02-28;DIFERENCIAL DE SWAP A RECEBER;SWAP;;;;;;;;226040753.10;;;Outros;999 X 999
FI;33.913.576/0001-07;DB II CLASSE DE INVESTIMENTO MULTIMERCADO INVESTIMENTO NO EXTERIOR CRÉDITO PRIVADO;2025-02-28;DIFERENCIAL DE SWAP A PAGAR;SWAP;;;;;;;;52454494.77;;;SCP;DOL X PRE
FI;33.913.576/0001-07;DB II CLASSE DE INVESTIMENTO MULTIMERCADO INVESTIMENTO NO EXTERIOR CRÉDITO PRIVADO;2025-02-28;DIFERENCIAL DE SWAP A PAGAR;SWAP;;;;;;;;46901237.48;;;SDC;DI1 X DOL
FI;33.913.576/0001-07;DB II CLASSE DE INVESTIMENTO MULTIMERCADO INVESTIMENTO NO EXTERIOR CRÉDITO PRIVADO;2025-02-28;DIFERENCIAL DE SWAP A PAGAR;SWAP;;;;;;;;9394164.69;;;SDP;DI1 X PRE
FI;33.913.576/0001-07;DB II CLASSE DE INVESTIMENTO MULTIMERCADO INVESTIMENTO NO EXTERIOR CRÉDITO PRIVADO;2025-02-28;DIFERENCIAL DE SWAP A PAGAR;SWAP;;;;;;;;168905263.98;;;Outros;999 X 999
FI;33.913.576/0001-07;DB II CLASSE DE INVESTIMENTO MULTIMERCADO INVESTIMENTO NO EXTERIOR CRÉDITO PRIVADO;2025-02-28;DIFERENCIAL DE SWAP A RECEBER;SWAP;;;;;;;;118088029.48;;;Outros;999 X 999
FI;33.913.576/0001-07;DB II CLASSE DE INVESTIMENTO MULTIMERCADO INVESTIMENTO NO EXTERIOR CRÉDITO PRIVADO;2025-02-28;DIFERENCIAL DE SWAP A RECEBER;SWAP;;;;;;;;104598163.91;;;SCP;DOL X PRE
FI;33.913.576/0001-07;DB II CLASSE DE INVESTIMENTO MULTIMERCADO INVESTIMENTO NO EXTERIOR CRÉDITO PRIVADO;2025-02-28;DIFERENCIAL DE SWAP A RECEBER;SWAP;;;;;;;;21872372.56;;;SDC;DI1 X DOL
FI;33.913.576/0001-07;DB II CLASSE DE INVESTIMENTO MULTIMERCADO INVESTIMENTO NO EXTERIOR CRÉDITO PRIVADO;2025-02-28;DIFERENCIAL DE SWAP A RECEBER;SWAP;;;;;;;;12036385.93;;;SDP;DI1 X PRE
FI;34.218.740/0001-10;TREND CANNABIS FUNDO DE INVESTIMENTO MULTIMERCADO RESPONSABILIDADE LIMITADA;2025-02-28;DIFERENCIAL DE SWAP A PAGAR;SWAP;;;;;;;;1366230.63;;;Outros;999 X 999
FI;35.690.218/0001-08;BB MULTIMERCADO OURO FUNDO DE INVESTIMENTO FINANCEIRO RESPONSABILIDADE LIMITADA;2025-02-28;DIFERENCIAL DE SWAP A RECEBER;SWAP;;;;;;;;7983612.00;;;SCO;DOL X OZ1
FI;36.771.708/0001-93;STIMA ENERGIA FUNDO DE INVESTIMENTO FINANCEIRO;2025-02-28;DIFERENCIAL DE SWAP A PAGAR;SWAP;;;;;;;;93852.14;;;SCP;DOL X PRE
FI;37.110.309/0001-44;VINLAND ATIVO PREV MASTER FUNDO DE INVESTIMENTO FINANCEIRO RENDA FIXA LONGO PRAZO RESP LIMITADA;2025-02-28;DIFERENCIAL DE SWAP A PAGAR;SWAP;;;;;;;;984.61;;;SDP;DI1 X PRE
FI;37.235.820/0001-72;BRAM OURO USD FI FINANCEIRO - CI MULT - RESP LIMITADA;2025-02-28;DIFERENCIAL DE SWAP A PAGAR;SWAP;;;;;;;;14172.59;;;Outros;999 X 999
FI;37.235.820/0001-72;BRAM OURO USD FI FINANCEIRO - CI MULT - RESP LIMITADA;2025-02-28;DIFERENCIAL DE SWAP A RECEBER;SWAP;;;;;;;;1953924.32;;;Outros;999 X 999
FI;37.235.861/0001-69;BRAM OURO FI FINANCEIRO - CI MULT - RESP LIMITADA;2025-02-28;DIFERENCIAL DE SWAP A PAGAR;SWAP;;;;;;;;54619.80;;;Outros;999 X 999
FI;37.235.861/0001-69;BRAM OURO FI FINANCEIRO - CI MULT - RESP LIMITADA;2025-02-28;DIFERENCIAL DE SWAP A RECEBER;SWAP;;;;;;;;234830.40;;;Outros;999 X 999
FI;37.552.975/0001-32;TREND IMOBILIÁRIO AMERICANO FUNDO DE INVESTIMENTO MULTIMERCADO RESPONSABILIDADE LIMITADA;2025-02-28;DIFERENCIAL DE SWAP A RECEBER;SWAP;;;;;;;;18201.03;;;Outros;999 X 999
FI;37.553.253/0001-00;NIMROD FIF MULTIMERCADO CRÉDITO PRIVADO INVESTIMENTO NO EXTERIOR;2025-02-28;DIFERENCIAL DE SWAP A PAGAR;SWAP;;;;;;;;2588611375.88;;2025-05-29;SDP;DI1 X PRE
FI;37.553.253/0001-00;NIMROD FIF MULTIMERCADO CRÉDITO PRIVADO INVESTIMENTO NO EXTERIOR;2025-02-28;DIFERENCIAL DE SWAP A PAGAR;SWAP;;;;;;;;10239373516.44;;2025-05-29;Outros;999 X 999
FI;37.553.253/0001-00;NIMROD FIF MULTIMERCADO CRÉDITO PRIVADO INVESTIMENTO NO EXTERIOR;2025-02-28;DIFERENCIAL DE SWAP A PAGAR;SWAP;;;;;;;;290929571.78;;2025-05-29;SDL;DI1 X IAP
FI;37.553.253/0001-00;NIMROD FIF MULTIMERCADO CRÉDITO PRIVADO INVESTIMENTO NO EXTERIOR;2025-02-28;DIFERENCIAL DE SWAP A PAGAR;SWAP;;;;;;;;38180004.16;;2025-05-29;SLP;IAP X PRE
FI;37.553.253/0001-00;NIMROD FIF MULTIMERCADO CRÉDITO PRIVADO INVESTIMENTO NO EXTERIOR;2025-02-28;DIFERENCIAL DE SWAP A PAGAR;SWAP;;;;;;;;3613534.64;;2025-05-29;SNP;IND X PRE
FI;37.553.253/0001-00;NIMROD FIF MULTIMERCADO CRÉDITO PRIVADO INVESTIMENTO NO EXTERIOR;2025-02-28;DIFERENCIAL DE SWAP A RECEBER;SWAP;;;;;;;;10467639002.60;;2025-05-29;Outros;999 X 999
FI;37.553.253/0001-00;NIMROD FIF MULTIMERCADO CRÉDITO PRIVADO INVESTIMENTO NO EXTERIOR;2025-02-28;DIFERENCIAL DE SWAP A RECEBER;SWAP;;;;;;;;6002912659.07;;2025-05-29;SDP;DI1 X PRE
FI;37.553.253/0001-00;NIMROD FIF MULTIMERCADO CRÉDITO PRIVADO INVESTIMENTO NO EXTERIOR;2025-02-28;DIFERENCIAL DE SWAP A RECEBER;SWAP;;;;;;;;50762027.67;;2025-05-29;SDL;DI1 X IAP
FI;37.553.253/0001-00;NIMROD FIF MULTIMERCADO CRÉDITO PRIVADO INVESTIMENTO NO EXTERIOR;2025-02-28;DIFERENCIAL DE SWAP A RECEBER;SWAP;;;;;;;;38180004.16;;2025-05-29;SLP;IAP X PRE
FI;37.553.253/0001-00;NIMROD FIF MULTIMERCADO CRÉDITO PRIVADO INVESTIMENTO NO EXTERIOR;2025-02-28;DIFERENCIAL DE SWAP A RECEBER;SWAP;;;;;;;;3613534.64;;2025-05-29;SNP;IND X PRE
FI;37.895.175/0001-14;TREND SAÚDE GLOBAL FUNDO DE INVESTIMENTO MULTIMERCADO RESPONSABILIDADE LIMITADA;2025-02-28;DIFERENCIAL DE SWAP A RECEBER;SWAP;;;;;;;;373548.29;;;Outros;999 X 999
FI;38.027.135/0001-13;TREND PRATA FUNDO DE INVESTIMENTO MULTIMERCADO RESPONSABILIDADE LIMITADA;2025-02-28;DIFERENCIAL DE SWAP A PAGAR;SWAP;;;;;;;;1270469.56;;;Outros;999 X 999
FI;38.090.099/0001-32;VINLAND MACRO II PREV MASTER FUNDO DE INVESTIMENTO FINANCEIRO MULTIMERCADO RESP LIMITADA;2025-02-28;DIFERENCIAL DE SWAP A PAGAR;SWAP;;;;;;;;91741.52;;;SDP;DI1 X PRE
FI;38.388.984/0001-00;BRAM EQUITY HEDGE FI FINANCEIRO - CI MULT - RESP LIMITADA;2025-02-28;DIFERENCIAL DE SWAP A PAGAR;SWAP;;;;;;;;679460.24;;;Outros;999 X 999
FI;39.723.190/0001-00;NORDEA GLOBAL STARS ADVISORY CLASSE DE INVESTIMENTO EM AÇÕES IE - RESP LIMITADA;2025-02-28;DIFERENCIAL DE SWAP A PAGAR;SWAP;;;;;;;;211024.51;;2025-05-29;SCP;DOL X PRE
FI;39.723.190/0001-00;NORDEA GLOBAL STARS ADVISORY CLASSE DE INVESTIMENTO EM AÇÕES IE - RESP LIMITADA;2025-02-28;DIFERENCIAL DE SWAP A RECEBER;SWAP;;;;;;;;144903.69;;2025-05-29;SCP;DOL X PRE
FI;39.937.544/0001-10;VINCI SELECTION LONG BIASED FI MULTIMERCADO;2025-02-28;DIFERENCIAL DE SWAP A PAGAR;SWAP;;;;;;;;3976.11;;2025-05-29;Outros;999 X 999
FI;40.021.855/0001-13;BB TOP MULTIMERCADO CARBONO LONGO PRAZO FIF RESPONSABILIDADE LIMITADA;2025-02-28;DIFERENCIAL DE SWAP A PAGAR;SWAP;;;;;;;;7660.44;;;SSE;SEL X REU
FI;40.127.685/0001-56;VINCI RETORNO REAL FI FINANCEIRO - CI MULT - RESP LIMITADA;2025-02-28;DIFERENCIAL DE SWAP A PAGAR;SWAP;;;;;;;;123143.51;;2025-05-29;Outros;999 X 999
FI;40.127.685/0001-56;VINCI RETORNO REAL FI FINANCEIRO - CI MULT - RESP LIMITADA;2025-02-28;DIFERENCIAL DE SWAP A RECEBER;SWAP;;;;;;;;80431.33;;2025-05-29;Outros;999 X 999
FI;40.212.883/0001-18;TREND NASDAQ 100 FUNDO DE INVESTIMENTO MULTIMERCADO RESPONSABILIDADE LIMITADA;2025-02-28;DIFERENCIAL DE SWAP A PAGAR;SWAP;;;;;;;;424949.17;;;Outros;999 X 999
FI;40.212.899/0001-20;TREND BOLSAS EMERGENTES FUNDO DE INVESTIMENTO MULTIMERCADO RESPONSABILIDADE LIMITADA;2025-02-28;DIFERENCIAL DE SWAP A PAGAR;SWAP;;;;;;;;114696.00;;;Outros;999 X 999
FI;40.212.899/0001-20;TREND BOLSAS EMERGENTES FUNDO DE INVESTIMENTO MULTIMERCADO RESPONSABILIDADE LIMITADA;2025-02-28;DIFERENCIAL DE SWAP A RECEBER;SWAP;;;;;;;;29218.68;;;Outros;999 X 999
FI;41.593.482/0001-18;VINLAND PLUS MASTER FUNDO DE INVESTIMENTO FINANCEIRO MULTIMERCADO RESPONSABILIDADE LIMITADA;2025-02-28;DIFERENCIAL DE SWAP A PAGAR;SWAP;;;;;;;;1241.48;;;SDP;DI1 X PRE
FI;41.736.872/0001-08;SPS III FEEDER C - FUNDO DE INVESTIMENTO MULTIMERCADO CRÉDITO PRIVADO;2025-02-28;DIFERENCIAL DE SWAP A PAGAR;SWAP;;;;;;;;1669321.48;;;SCP;DOL X PRE
FI;41.736.872/0001-08;SPS III FEEDER C - FUNDO DE INVESTIMENTO MULTIMERCADO CRÉDITO PRIVADO;2025-02-28;DIFERENCIAL DE SWAP A RECEBER;SWAP;;;;;;;;360488.10;;;SCP;DOL X PRE
FI;41.907.150/0001-60;CITRINO FUNDO DE INVESTIMENTO MULTIMERCADO INVESTIMENTO NO EXTERIOR;2025-02-28;DIFERENCIAL DE SWAP A PAGAR;SWAP;;;;;;;;0.00;;;SDP;DI1 X PRE
FI;42.279.987/0001-75;ELECTRON GLOBAL ADVISORY MÁSTER CI EM AÇÕES INVESTIMENTO NO EXTERIOR - RESP LIMITADA;2025-02-28;DIFERENCIAL DE SWAP A PAGAR;SWAP;;;;;;;;150053.73;;2025-05-29;SCP;DOL X PRE
FI;42.279.987/0001-75;ELECTRON GLOBAL ADVISORY MÁSTER CI EM AÇÕES INVESTIMENTO NO EXTERIOR - RESP LIMITADA;2025-02-28;DIFERENCIAL DE SWAP A RECEBER;SWAP;;;;;;;;143255.28;;2025-05-29;SCP;DOL X PRE
FI;42.404.779/0001-50;SPS III FEEDER B - FUNDO DE INVESTIMENTO MULTIMERCADO CRÉDITO PRIVADO;2025-02-28;DIFERENCIAL DE SWAP A PAGAR;SWAP;;;;;;;;2395753.08;;;SCP;DOL X PRE
FI;42.404.779/0001-50;SPS III FEEDER B - FUNDO DE INVESTIMENTO MULTIMERCADO CRÉDITO PRIVADO;2025-02-28;DIFERENCIAL DE SWAP A RECEBER;SWAP;;;;;;;;517360.19;;;SCP;DOL X PRE
FI;42.405.550/0001-30;SPS III FEEDER A - FUNDO DE INVESTIMENTO MULTIMERCADO CRÉDITO PRIVADO;2025-02-28;DIFERENCIAL DE SWAP A PAGAR;SWAP;;;;;;;;2147000.35;;;SCP;DOL X PRE
FI;42.405.550/0001-30;SPS III FEEDER A - FUNDO DE INVESTIMENTO MULTIMERCADO CRÉDITO PRIVADO;2025-02-28;DIFERENCIAL DE SWAP A RECEBER;SWAP;;;;;;;;463642.32;;;SCP;DOL X PRE
FI;42.556.281/0001-03;PCS II BRASIL FUNDO DE INVESTIMENTO MULTIMERCADO CRÉDITO PRIVADO INVESTIMENTO NO EXTERIOR;2025-02-28;DIFERENCIAL DE SWAP A RECEBER;SWAP;;;;;;;;117522.30;;2025-05-29;SDP;DI1 X PRE
FI;43.105.489/0001-79;Pictet TR Atlas Titan Advisory FIA IE;2025-02-28;DIFERENCIAL DE SWAP A PAGAR;SWAP;;;;;;;;12283.62;;2025-05-29;SCP;DOL X PRE
FI;43.105.489/0001-79;Pictet TR Atlas Titan Advisory FIA IE;2025-02-28;DIFERENCIAL DE SWAP A RECEBER;SWAP;;;;;;;;56853.67;;2025-05-29;SCP;DOL X PRE
FI;43.210.552/0001-37;MIROVA GLOBAL SUSTAINABLE EQUITY ADVISORY CLASSE DE INVEST SUSTENTÁVEL EM AÇÕES IE - RESP LIMITADA;2025-02-28;DIFERENCIAL DE SWAP A PAGAR;SWAP;;;;;;;;763083.19;;2025-05-29;SCP;DOL X PRE
FI;43.210.552/0001-37;MIROVA GLOBAL SUSTAINABLE EQUITY ADVISORY CLASSE DE INVEST SUSTENTÁVEL EM AÇÕES IE - RESP LIMITADA;2025-02-28;DIFERENCIAL DE SWAP A RECEBER;SWAP;;;;;;;;431058.18;;2025-05-29;SCP;DOL X PRE
FI;43.790.956/0001-47;CORETUBA ICATU PREVIDÊNCIA QUALIFICADO FI FINANCEIRO - CI MULT CRED PRIV - RESP LIMITADA;2025-02-28;DIFERENCIAL DE SWAP A PAGAR;SWAP;;;;;;;;7502.56;;;SDP;DI1 X PRE
FI;43.794.389/0001-05;VINLAND MACRO PREVIDENCIÁRIO V MASTER FIF MULTIMERCADO RESPONSABILIDADE LIMITADA;2025-02-28;DIFERENCIAL DE SWAP A PAGAR;SWAP;;;;;;;;6721.12;;;SDP;DI1 X PRE
FI;43.960.245/0001-73;AMW ISIS MASTER FUNDO DE INVESTIMENTO FINANCEIRO;2025-02-28;DIFERENCIAL DE SWAP A RECEBER;SWAP;;;;;;;;263.31;;;SDP;DI1 X PRE
FI;43.980.182/0001-17;ATLANTIS WP FUNDO DE INVESTIMENTO MULTIMERCADO CRÉDITO PRIVADO INVESTIMENTO NO EXTERIOR;2025-02-28;DIFERENCIAL DE SWAP A PAGAR;SWAP;;;;;;;;3302.32;;2025-05-29;Outros;999 X 999
FI;43.980.182/0001-17;ATLANTIS WP FUNDO DE INVESTIMENTO MULTIMERCADO CRÉDITO PRIVADO INVESTIMENTO NO EXTERIOR;2025-02-28;DIFERENCIAL DE SWAP A RECEBER;SWAP;;;;;;;;7929.55;;2025-05-29;Outros;999 X 999
FI;44.109.989/0001-41;ACUERE QUALIFICADO ICATU FI FINANCEIRO - CI MULT CRED PRIV - RESP LIMITADA;2025-02-28;DIFERENCIAL DE SWAP A PAGAR;SWAP;;;;;;;;12861.53;;;SDP;DI1 X PRE
FI;44.162.969/0001-34;TERRABLU ICATU QUALIFICADO FI FINANCEIRO - CI MULT CRED PRIV - RESP LIMITADA;2025-02-28;DIFERENCIAL DE SWAP A PAGAR;SWAP;;;;;;;;4644.44;;;SDP;DI1 X PRE
FI;44.273.805/0001-84;BRAM ALOCAÇÃO SISTEMÁTICA PRÊMIO DE RISCO ALTERNATIVO FI FINANCEIRO - CI MULT - RESP LIMITADA;2025-02-28;DIFERENCIAL DE SWAP A PAGAR;SWAP;;;;;;;;369199.07;;;Outros;999 X 999
FI;44.273.805/0001-84;BRAM ALOCAÇÃO SISTEMÁTICA PRÊMIO DE RISCO ALTERNATIVO FI FINANCEIRO - CI MULT - RESP LIMITADA;2025-02-28;DIFERENCIAL DE SWAP A RECEBER;SWAP;;;;;;;;157709.75;;;Outros;999 X 999
FI;44.283.966/0001-59;WARREN FO TÁTICO RF1 FUNDO DE INVESTIMENTO MULTIMERCADO CRÉDITO PRIVADO;2025-02-28;DIFERENCIAL DE SWAP A RECEBER;SWAP;;;;;;;;263.31;;;SDP;DI1 X PRE
FI;44.704.779/0001-00;BRAM GLOBAL FI FINANCEIRO - CI MULT - RESP LIMITADA;2025-02-28;DIFERENCIAL DE SWAP A PAGAR;SWAP;;;;;;;;31905.84;;;Outros;999 X 999
FI;44.704.779/0001-00;BRAM GLOBAL FI FINANCEIRO - CI MULT - RESP LIMITADA;2025-02-28;DIFERENCIAL DE SWAP A RECEBER;SWAP;;;;;;;;36273.16;;;Outros;999 X 999
FI;44.836.316/0001-93;POLO ENDURANCE FUNDO DE INVESTIMENTO FINANCEIRO MULTIMERCADO - RESPONSABILIDADE LIMITADA;2025-02-28;DIFERENCIAL DE SWAP A PAGAR;SWAP;;;;;;;;366846.21;;;Outros;999 X 999
FI;44.836.316/0001-93;POLO ENDURANCE FUNDO DE INVESTIMENTO FINANCEIRO MULTIMERCADO - RESPONSABILIDADE LIMITADA;2025-02-28;DIFERENCIAL DE SWAP A RECEBER;SWAP;;;;;;;;67445.16;;;Outros;999 X 999
FI;48.970.281/0001-31;SUGOI FUNDO DE INVESTIMENTO MULTIMERCADO CRÉDITO PRIVADO INVESTIMENTO NO EXTERIOR;2025-02-28;DIFERENCIAL DE SWAP A RECEBER;SWAP;;;;;;;;87700.84;;2025-05-29;Outros;999 X 999
FI;50.533.505/0001-90;RIO BRAVO ESTRATÉGICO IPCA FI FINANCEIRO - CI RF - RESP LIMITADA;2025-02-28;DIFERENCIAL DE SWAP A PAGAR;SWAP;;;;;;;;1766408.77;;2025-05-29;SLP;IAP X PRE
FI;50.533.505/0001-90;RIO BRAVO ESTRATÉGICO IPCA FI FINANCEIRO - CI RF - RESP LIMITADA;2025-02-28;DIFERENCIAL DE SWAP A RECEBER;SWAP;;;;;;;;28678729.80;;2025-05-29;SNP;IND X PRE
FI;52.042.860/0001-91;KAPITALO KAPPA PREVIDÊNCIA II MASTER FIF - CLASSE DE INVESTIMENTO MULTIMERCADO - RESP LIMITADA;2025-02-28;DIFERENCIAL DE SWAP A RECEBER;SWAP;;;;;;;;44858.75;;2025-05-29;SCP;DOL X PRE
FI;71.586.432/0001-74;BRAM H MULTI FI FINANCEIRO - CI MULT CRED PRIV - RESP LIMITADA;2025-02-28;DIFERENCIAL DE SWAP A RECEBER;SWAP;;;;;;;;2327946.99;;;SDL;DI1 X IAP
FIP;49.252.656/0001-90;AZ QUEST INFRA YIELD FUNDO DE INVESTIMENTO EM PARTICIPAÇÕES EM INFRAESTRUTURA;2025-02-28;DIFERENCIAL DE SWAP A PAGAR;SWAP;;Para negociação;;;;;;40978.95;;;SCP;DOL X PRE
FIP;49.252.656/0001-90;AZ QUEST INFRA YIELD FUNDO DE INVESTIMENTO EM PARTICIPAÇÕES EM INFRAESTRUTURA;2025-02-28;DIFERENCIAL DE SWAP A RECEBER;SWAP;;Para negociação;;;;;;5753676.25;;;SCP;DOL X PRE
